,MSA.pos,MSA.aa,MSA.score,MSA.three.letter.aa,MSA.three.letter.aa.pos,7BMH_A.aa,5AWZ_A.aa,6GYH_A.aa,7BMH_A.pos,5AWZ_A.pos,6GYH_A.pos,6GYH_A.aa.pos,
11,11,G,1,GLY,GLY11,GLY,GLY,GLY,48,12,7,GLY7,resid 7
19,19,W,1,TRP,TRP19,TRP,TRP,TRP,56,17,15,TRP15,resid 15
20,20,V,1,VAL,VAL20,VAL,VAL,VAL,57,18,16,VAL16,resid 16
22,22,F,1,PHE,PHE22,PHE,PHE,PHE,59,20,18,PHE18,resid 18
25,25,M,1,MET,MET25,MET,MET,MET,62,23,21,MET21,resid 21
32,32,F,1,PHE,PHE32,PHE,PHE,PHE,69,30,28,PHE28,resid 28
40,40,P,1,PRO,PRO40,PRO,PRO,PRO,77,38,36,PRO36,resid 36
44,44,R,1,ARG,ARG44,ARG,ARG,ARG,81,42,40,ARG40,resid 40
53,53,I,1,ILE,ILE53,ILE,ILE,ILE,90,51,49,ILE49,resid 49
57,57,A,1,ALA,ALA57,ALA,ALA,ALA,94,55,53,ALA53,resid 53
58,58,A,1,ALA,ALA58,ALA,ALA,ALA,95,56,54,ALA54,resid 54
61,61,Y,1,TYR,TYR61,TYR,TYR,TYR,98,59,57,TYR57,resid 57
63,63,A,1,ALA,ALA63,ALA,ALA,ALA,100,61,59,ALA59,resid 59
64,64,M,1,MET,MET64,MET,MET,MET,101,62,60,MET60,resid 60
65,65,A,1,ALA,ALA65,ALA,ALA,ALA,102,63,61,ALA61,resid 61
69,69,G,1,GLY,GLY69,GLY,GLY,GLY,106,67,65,GLY65,resid 65
93,93,R,1,ARG,ARG93,ARG,ARG,ARG,130,80,77,ARG77,resid 77
97,97,Y,1,TYR,TYR97,TYR,TYR,TYR,134,84,81,TYR81,resid 81
98,98,A,1,ALA,ALA98,ALA,ALA,ALA,135,85,82,ALA82,resid 82
99,99,R,1,ARG,ARG99,ARG,ARG,ARG,136,86,83,ARG83,resid 83
100,100,Y,1,TYR,TYR100,TYR,TYR,TYR,137,87,84,TYR84,resid 84
101,101,I,1,ILE,ILE101,ILE,ILE,ILE,138,88,85,ILE85,resid 85
102,102,D,1,ASP,ASP102,ASP,ASP,ASP,139,89,86,ASP86,resid 86
103,103,W,1,TRP,TRP103,TRP,TRP,TRP,140,90,87,TRP87,resid 87
106,106,T,1,THR,THR106,THR,THR,THR,143,93,90,THR90,resid 90
107,107,T,1,THR,THR107,THR,THR,THR,144,94,91,THR91,resid 91
108,108,P,1,PRO,PRO108,PRO,PRO,PRO,145,95,92,PRO92,resid 92
109,109,L,1,LEU,LEU109,LEU,LEU,LEU,146,96,93,LEU93,resid 93
110,110,L,1,LEU,LEU110,LEU,LEU,LEU,147,97,94,LEU94,resid 94
111,111,L,1,LEU,LEU111,LEU,LEU,LEU,148,98,95,LEU95,resid 95
112,112,L,1,LEU,LEU112,LEU,LEU,LEU,149,99,96,LEU96,resid 96
113,113,D,1,ASP,ASP113,ASP,ASP,ASP,150,100,97,ASP97,resid 97
116,116,L,1,LEU,LEU116,LEU,LEU,LEU,153,103,100,LEU100,resid 100
117,117,L,1,LEU,LEU117,LEU,LEU,LEU,154,104,101,LEU101,resid 101
131,131,A,1,ALA,ALA131,ALA,ALA,ALA,168,118,115,ALA115,resid 115
132,132,D,1,ASP,ASP132,ASP,ASP,ASP,169,119,116,ASP116,resid 116
135,135,M,1,MET,MET135,MET,MET,MET,172,122,119,MET119,resid 119
139,139,G,1,GLY,GLY139,GLY,GLY,GLY,176,126,123,GLY123,resid 123
143,143,A,1,ALA,ALA143,ALA,ALA,ALA,180,130,127,ALA127,resid 127
153,153,W,1,TRP,TRP153,TRP,TRP,TRP,190,138,135,TRP135,resid 135
160,160,C,1,CYS,CYS160,CYS,CYS,CYS,197,145,142,CYS142,resid 142
168,168,W,1,TRP,TRP168,TRP,TRP,TRP,205,153,150,TRP150,resid 150
195,195,Y,1,TYR,TYR195,TYR,TYR,TYR,232,180,177,TYR177,resid 177
199,199,L,1,LEU,LEU199,LEU,LEU,LEU,236,184,181,LEU181,resid 181
200,200,W,1,TRP,TRP200,TRP,TRP,TRP,237,185,182,TRP182,resid 182
203,203,Y,1,TYR,TYR203,TYR,TYR,TYR,240,188,185,TYR185,resid 185
204,204,P,1,PRO,PRO204,PRO,PRO,PRO,241,189,186,PRO186,resid 186
205,205,I,1,ILE,ILE205,ILE,ILE,ILE,242,190,187,ILE187,resid 187
206,206,V,1,VAL,VAL206,VAL,VAL,VAL,243,191,188,VAL188,resid 188
207,207,W,1,TRP,TRP207,TRP,TRP,TRP,244,192,189,TRP189,resid 189
208,208,G,1,GLY,GLY208,GLY,GLY,GLY,245,193,190,GLY190,resid 190
209,209,L,1,LEU,LEU209,LEU,LEU,LEU,246,194,191,LEU191,resid 191
212,212,G,1,GLY,GLY212,GLY,GLY,GLY,249,197,194,GLY194,resid 194
216,216,I,1,ILE,ILE216,ILE,ILE,ILE,253,201,198,ILE198,resid 198
218,218,V,1,VAL,VAL218,VAL,VAL,VAL,255,203,200,VAL200,resid 200
221,221,E,1,GLU,GLU221,GLU,GLU,GLU,258,206,203,GLU203,resid 203
228,228,L,1,LEU,LEU228,LEU,LEU,LEU,265,213,210,LEU210,resid 210
229,229,D,1,ASP,ASP229,ASP,ASP,ASP,266,214,211,ASP211,resid 211
232,232,A,1,ALA,ALA232,ALA,ALA,ALA,269,217,214,ALA214,resid 214
62,62,F,0.666666667,PHE,PHE62,PHE,TYR,TYR,99,60,58,TYR58,resid 58
156,156,Y,0.666666667,TYR,TYR156,TYR,PHE,TYR,193,141,138,TYR138,resid 138
189,189,F,0.666666667,PHE,PHE189,PHE,TYR,TYR,226,174,171,TYR171,resid 171
49,49,I,0.6,ILE,ILE49,ILE,VAL,ILE,86,47,45,ILE45,resid 45
95,95,V,0.6,VAL,VAL95,VAL,VAL,ILE,132,82,79,ILE79,resid 79
136,136,V,0.6,VAL,VAL136,VAL,ILE,ILE,173,123,120,ILE120,resid 120
152,152,K,0.6,LYS,LYS152,LYS,LYS,ARG,189,137,134,ARG134,resid 134
158,158,I,0.6,ILE,ILE158,ILE,VAL,VAL,195,143,140,VAL140,resid 140
181,181,K,0.6,LYS,LYS181,LYS,LYS,ARG,218,166,163,ARG163,resid 163
120,120,M,0.533333333,MET,MET120,MET,MET,ILE,157,107,104,ILE104,resid 104
170,170,L,0.533333333,LEU,LEU170,LEU,MET,LEU,207,155,152,LEU152,resid 152
241,241,L,0.533333333,LEU,LEU241,LEU,LEU,MET,278,226,223,MET223,resid 223
24,24,L,0.466666667,LEU,LEU24,LEU,VAL,LEU,61,22,20,LEU20,resid 20
41,41,V,0.466666667,VAL,VAL41,VAL,LEU,LEU,78,39,37,LEU37,resid 37
114,114,L,0.466666667,LEU,LEU114,LEU,LEU,ILE,151,101,98,ILE98,resid 98
118,118,A,0.466666667,ALA,ALA118,ALA,THR,THR,155,105,102,THR102,resid 102
140,140,L,0.466666667,LEU,LEU140,LEU,ILE,LEU,177,127,124,LEU124,resid 124
144,144,F,0.466666667,PHE,PHE144,PHE,PHE,LEU,181,131,128,LEU128,resid 128
166,166,V,0.466666667,VAL,VAL166,VAL,LEU,VAL,203,151,148,VAL148,resid 148
192,192,I,0.466666667,ILE,ILE192,ILE,LEU,LEU,229,177,174,LEU174,resid 174
240,240,L,0.466666667,LEU,LEU240,LEU,VAL,VAL,277,225,222,VAL222,resid 222
5,5,P,0.4,PRO,PRO5,PRO,PRO,ALA,42,6,2,ALA2,resid 2
14,14,G,0.4,GLY,GLY14,GLY,ALA,GLY,51,15,10,GLY10,resid 10
28,28,A,0.4,ALA,ALA28,ALA,ALA,SER,65,26,24,SER24,resid 24
29,29,S,0.4,SER,SER29,SER,ALA,ALA,66,27,25,ALA25,resid 25
31,31,A,0.4,ALA,ALA31,ALA,VAL,ALA,68,29,27,ALA27,resid 27
50,50,T,0.4,THR,THR50,THR,ASN,THR,87,48,46,THR46,resid 46
56,56,T,0.4,THR,THR56,THR,ILE,ILE,93,54,52,ILE52,resid 52
60,60,S,0.4,SER,SER60,SER,ALA,ALA,97,58,56,ALA56,resid 56
89,89,E,0.4,GLU,GLU89,GLU,GLY,GLY,126,76,74,GLY74,resid 74
121,121,S,0.4,SER,SER121,SER,PRO,PRO,158,108,105,PRO105,resid 105
125,125,I,0.4,ILE,ILE125,ILE,ILE,THR,162,112,109,THR109,resid 109
142,142,A,0.4,ALA,ALA142,ALA,GLY,GLY,179,129,126,GLY126,resid 126
148,148,G,0.4,GLY,GLY148,GLY,SER,SER,185,135,132,SER132,resid 132
187,187,S,0.4,SER,SER187,SER,GLY,GLY,224,172,169,GLY169,resid 169
210,210,A,0.4,ALA,ALA210,ALA,GLY,ALA,247,195,192,ALA192,resid 192
217,217,G,0.4,GLY,GLY217,GLY,GLY,SER,254,202,199,SER199,resid 199
224,224,A,0.4,ALA,ALA224,ALA,ALA,SER,261,209,206,SER206,resid 206
226,226,A,0.4,ALA,ALA226,ALA,GLY,ALA,263,211,208,ALA208,resid 208
237,237,A,0.4,ALA,ALA237,ALA,ALA,GLY,275,222,219,GLY219,resid 219
243,243,T,0.4,THR,THR243,THR,THR,SER,280,228,225,SER225,resid 225
9,9,T,0.333333333,THR,THR9,THR,THR,NA,46,10,NA,NANA,resid NA
21,21,V,0.333333333,VAL,VAL21,VAL,VAL,THR,58,19,17,THR17,resid 17
52,52,I,0.333333333,ILE,ILE52,ILE,ALA,ALA,89,50,48,ALA48,resid 48
71,71,A,0.333333333,ALA,ALA71,ALA,ASN,ALA,108,69,67,ALA67,resid 67
94,94,Q,0.333333333,GLN,GLN94,GLN,GLN,ASP,131,81,78,ASP78,resid 78
105,105,I,0.333333333,ILE,ILE105,ILE,PHE,PHE,142,92,89,PHE89,resid 89
119,119,G,0.333333333,GLY,GLY119,GLY,ASN,GLY,156,106,103,GLY103,resid 103
128,128,A,0.333333333,ALA,ALA128,ALA,ILE,ILE,165,115,112,ILE112,resid 112
134,134,I,0.333333333,ILE,ILE134,ILE,ALA,ALA,171,121,118,ALA118,resid 118
141,141,F,0.333333333,PHE,PHE141,PHE,ILE,PHE,178,128,125,PHE125,resid 125
155,155,W,0.333333333,TRP,TRP155,TRP,TYR,TYR,192,140,137,TYR137,resid 137
161,161,I,0.333333333,ILE,ILE161,ILE,ILE,ALA,198,146,143,ALA143,resid 143
165,165,F,0.333333333,PHE,PHE165,PHE,VAL,VAL,202,150,147,VAL147,resid 147
222,222,I,0.333333333,ILE,ILE222,ILE,ILE,ALA,259,207,204,ALA204,resid 204
223,223,I,0.333333333,ILE,ILE223,ILE,ILE,ALA,260,208,205,ALA205,resid 205
129,129,I,0.3,ILE,ILE129,ILE,MET,VAL,166,116,113,VAL113,resid 113
10,10,V,0.266666667,VAL,VAL10,VAL,LEU,ILE,47,11,6,ILE6,resid 6
26,26,L,0.266666667,LEU,LEU26,LEU,ALA,ALA,63,24,22,ALA22,resid 22
42,42,N,0.266666667,ASN,ASN42,ASN,PRO,ASN,79,40,38,ASN38,resid 38
55,55,L,0.266666667,LEU,LEU55,LEU,THR,THR,92,53,51,THR51,resid 51
84,84,V,0.266666667,VAL,VAL84,VAL,PRO,VAL,121,71,69,VAL69,resid 69
133,133,L,0.266666667,LEU,LEU133,LEU,ILE,VAL,170,120,117,VAL117,resid 117
173,173,N,0.266666667,ASN,ASN173,ASN,PRO,PRO,210,158,155,PRO155,resid 155
176,176,A,0.266666667,ALA,ALA176,ALA,LYS,LYS,213,161,158,LYS158,resid 158
178,178,A,0.266666667,ALA,ALA178,ALA,GLU,ALA,215,163,160,ALA160,resid 160
196,196,T,0.266666667,THR,THR196,THR,LEU,LEU,233,181,178,LEU178,resid 178
198,198,I,0.266666667,ILE,ILE198,ILE,VAL,LEU,235,183,180,LEU180,resid 180
219,219,D,0.266666667,ASP,ASP219,ASP,ASP,THR,256,204,201,THR201,resid 201
230,230,V,0.266666667,VAL,VAL230,VAL,LEU,ILE,267,215,212,ILE212,resid 212
231,231,L,0.266666667,LEU,LEU231,LEU,LEU,ALA,268,216,213,ALA213,resid 213
233,233,G,0.266666667,GLY,GLY233,GLY,LYS,LYS,271,218,215,LYS215,resid 215
234,234,V,0.266666667,VAL,VAL234,VAL,PRO,VAL,272,219,216,VAL216,resid 216
242,242,V,0.266666667,VAL,VAL242,VAL,ILE,LEU,279,227,224,LEU224,resid 224
7,7,Y,0.2,TYR,TYR7,TYR,GLN,HIS,44,8,4,HIS4,resid 4
45,45,L,0.2,LEU,LEU45,LEU,LEU,SER,82,43,41,SER41,resid 41
68,68,H,0.2,HIS,HIS68,HIS,GLY,GLY,105,66,64,GLY64,resid 64
96,96,Y,0.2,TYR,TYR96,TYR,ILE,TYR,133,83,80,TYR80,resid 80
163,163,Y,0.2,TYR,TYR163,TYR,LEU,PHE,200,148,145,PHE145,resid 145
169,169,H,0.2,HIS,HIS169,HIS,GLY,GLY,206,154,151,GLY151,resid 151
182,182,G,0.2,GLY,GLY182,GLY,HIS,GLY,219,167,164,GLY164,resid 164
34,34,A,0.166666667,ALA,ALA34,ALA,ILE,VAL,71,32,30,VAL30,resid 30
184,184,K,0.166666667,LYS,LYS184,LYS,GLU,GLN,221,169,166,GLN166,resid 166
6,6,I,0.133333333,ILE,ILE6,ILE,PHE,VAL,43,7,3,VAL3,resid 3
27,27,I,0.133333333,ILE,ILE27,ILE,LEU,PHE,64,25,23,PHE23,resid 23
33,33,T,0.133333333,THR,THR33,THR,SER,ALA,70,31,29,ALA29,resid 29
39,39,I,0.133333333,ILE,ILE39,ILE,ARG,ARG,76,37,35,ARG35,resid 35
48,48,V,0.133333333,VAL,VAL48,VAL,TYR,TYR,85,46,44,TYR44,resid 44
72,72,L,0.133333333,LEU,LEU72,LEU,LYS,LEU,109,70,68,LEU68,resid 68
127,127,M,0.133333333,MET,MET127,MET,TRP,TRP,164,114,111,TRP111,resid 111
149,149,T,0.133333333,THR,THR149,THR,TYR,TYR,186,136,133,TYR133,resid 133
171,171,V,0.133333333,VAL,VAL171,VAL,ILE,PHE,208,156,153,PHE153,resid 153
174,174,G,0.133333333,GLY,GLY174,GLY,ILE,GLY,211,159,156,GLY156,resid 156
179,179,R,0.133333333,ARG,ARG179,ARG,LEU,ARG,216,164,161,ARG161,resid 161
225,225,Y,0.133333333,TYR,TYR225,TYR,MET,TYR,262,210,207,TYR207,resid 207
235,235,F,0.133333333,PHE,PHE235,PHE,LEU,VAL,273,220,217,VAL217,resid 217
244,244,H,0.133333333,HIS,HIS244,HIS,VAL,HIS,281,229,226,HIS226,resid 226
66,66,T,0.1,THR,THR66,THR,VAL,ALA,103,64,62,ALA62,resid 62
85,85,P,0.1,PRO,PRO85,PRO,THR,SER,122,72,70,SER70,resid 70
123,123,A,0.1,ALA,ALA123,ALA,THR,GLY,160,110,107,GLY107,resid 107
159,159,A,0.1,ALA,ALA159,ALA,GLY,SER,196,144,141,SER141,resid 141
191,191,A,0.1,ALA,ALA191,ALA,THR,GLY,228,176,173,GLY173,resid 173
213,213,A,0.1,ALA,ALA213,ALA,GLY,SER,250,198,195,SER195,resid 195
12,12,D,0.066666667,ASP,ASP12,ASP,THR,GLU,49,13,8,GLU8,resid 8
13,13,S,0.066666667,SER,SER13,SER,ASP,GLY,50,14,9,GLY9,resid 9
51,51,T,0.066666667,THR,THR51,THR,ILE,LEU,88,49,47,LEU47,resid 47
59,59,L,0.066666667,LEU,LEU59,LEU,THR,ILE,96,57,55,ILE55,resid 55
67,67,G,0.066666667,GLY,GLY67,GLY,ASN,SER,104,65,63,SER63,resid 63
90,90,T,0.066666667,THR,THR90,THR,ALA,NA,127,77,NA,NANA,resid NA
145,145,G,0.066666667,GLY,GLY145,GLY,THR,SER,182,132,129,SER129,resid 129
147,147,E,0.066666667,GLU,GLU147,GLU,GLY,ASN,184,134,131,ASN131,resid 131
167,167,V,0.066666667,VAL,VAL167,VAL,ALA,LEU,204,152,149,LEU149,resid 149
177,177,N,0.066666667,ASN,ASN177,ASN,GLU,GLY,214,162,159,GLY159,resid 159
211,211,D,0.066666667,ASP,ASP211,ASP,ALA,GLU,248,196,193,GLU193,resid 193
238,238,W,0.066666667,TRP,TRP238,TRP,ILE,TRP,276,223,220,TRP220,resid 220
247,247,L,0.066666667,LEU,LEU247,LEU,VAL,NA,284,232,NA,NANA,resid NA
30,30,A,0.033333333,ALA,ALA30,ALA,ILE,LEU,67,28,26,LEU26,resid 26
35,35,L,0.033333333,LEU,LEU35,LEU,ALA,MET,72,33,31,MET31,resid 31
86,86,D,0.033333333,ASP,ASP86,ASP,ALA,ASN,123,73,71,ASN71,resid 71
137,137,L,0.033333333,LEU,LEU137,LEU,ALA,MET,174,124,121,MET121,resid 121
183,183,E,0.033333333,GLU,GLU183,GLU,LYS,GLY,220,168,165,GLY165,resid 165
197,197,L,0.033333333,LEU,LEU197,LEU,ILE,ALA,234,182,179,ALA179,resid 179
214,214,R,0.033333333,ARG,ARG214,ARG,HIS,ASP,251,199,196,ASP196,resid 196
239,239,-,0.033333333,---,-239,NA,GLY,ALA,NA,224,221,ALA221,resid 221
249,249,E,0.033333333,GLU,GLU249,GLU,GLY,NA,286,234,NA,NANA,resid NA
46,46,Y,1.85E-17,TYR,TYR46,TYR,THR,HIS,83,44,42,HIS42,resid 42
1,1,-,0,---,-1,NA,SER,NA,NA,2,NA,NANA,resid NA
2,2,-,0,---,-2,NA,ASN,NA,NA,3,NA,NANA,resid NA
3,3,-,0,---,-3,NA,PRO,NA,NA,4,NA,NANA,resid NA
4,4,-,0,---,-4,NA,ASN,NA,NA,5,NA,NANA,resid NA
8,8,E,0,GLU,GLU8,GLU,THR,GLN,45,9,5,GLN5,resid 5
17,17,T,0,THR,THR17,THR,NA,MET,54,NA,13,MET13,resid 13
23,23,V,0,VAL,VAL23,VAL,ALA,GLY,60,21,19,GLY19,resid 19
36,36,S,0,SER,SER36,SER,VAL,THR,73,34,32,THR32,resid 32
73,73,N,0,ASN,ASN73,ASN,NA,NA,110,NA,NA,NANA,resid NA
74,74,K,0,LYS,LYS74,LYS,NA,NA,111,NA,NA,NANA,resid NA
75,75,I,0,ILE,ILE75,ILE,NA,NA,112,NA,NA,NANA,resid NA
76,76,V,0,VAL,VAL76,VAL,NA,NA,113,NA,NA,NANA,resid NA
77,77,I,0,ILE,ILE77,ILE,NA,NA,114,NA,NA,NANA,resid NA
78,78,R,0,ARG,ARG78,ARG,NA,NA,115,NA,NA,NANA,resid NA
79,79,T,0,THR,THR79,THR,NA,NA,116,NA,NA,NANA,resid NA
80,80,Q,0,GLN,GLN80,GLN,NA,NA,117,NA,NA,NANA,resid NA
81,81,H,0,HIS,HIS81,HIS,NA,NA,118,NA,NA,NANA,resid NA
82,82,D,0,ASP,ASP82,ASP,NA,NA,119,NA,NA,NANA,resid NA
83,83,H,0,HIS,HIS83,HIS,NA,NA,120,NA,NA,NANA,resid NA
87,87,T,0,THR,THR87,THR,GLY,PRO,124,74,72,PRO72,resid 72
146,146,S,0,SER,SER146,SER,VAL,THR,183,133,130,THR130,resid 130
150,150,P,0,PRO,PRO150,PRO,NA,NA,187,NA,NA,NANA,resid NA
151,151,Q,0,GLN,GLN151,GLN,NA,NA,188,NA,NA,NANA,resid NA
154,154,G,0,GLY,GLY154,GLY,PHE,GLY,191,139,136,GLY136,resid 136
220,220,G,0,GLY,GLY220,GLY,VAL,ALA,257,205,202,ALA202,resid 202
18,18,L,-0.033333333,LEU,LEU18,LEU,NA,TYR,55,NA,14,TYR14,resid 14
115,115,G,-0.033333333,GLY,GLY115,GLY,VAL,ILE,152,102,99,ILE99,resid 99
138,138,T,-0.033333333,THR,THR138,THR,PHE,LEU,175,125,122,LEU122,resid 122
186,186,R,-0.033333333,ARG,ARG186,ARG,THR,PRO,223,171,168,PRO168,resid 168
227,227,V,-0.033333333,VAL,VAL227,VAL,ILE,GLY,264,212,209,GLY209,resid 209
245,245,A,-0.033333333,ALA,ALA245,ALA,GLU,NA,282,230,NA,NANA,resid NA
250,250,S,-0.033333333,SER,SER250,SER,LYS,NA,287,235,NA,NANA,resid NA
43,43,R,-0.066666667,ARG,ARG43,ARG,LEU,LYS,80,41,39,LYS39,resid 39
47,47,H,-0.066666667,HIS,HIS47,HIS,TYR,GLY,84,45,43,GLY43,resid 43
104,104,A,-0.066666667,ALA,ALA104,ALA,VAL,PHE,141,91,88,PHE88,resid 88
122,122,G,-0.066666667,GLY,GLY122,GLY,ALA,ILE,159,109,106,ILE106,resid 106
126,126,F,-0.066666667,PHE,PHE126,PHE,ALA,LEU,163,113,110,LEU110,resid 110
157,157,T,-0.066666667,THR,THR157,THR,VAL,GLY,194,142,139,GLY139,resid 139
185,185,L,-0.066666667,LEU,LEU185,LEU,TYR,VAL,222,170,167,VAL167,resid 167
188,188,F,-0.066666667,PHE,PHE188,PHE,ALA,LEU,225,173,170,LEU170,resid 170
190,190,V,-0.066666667,VAL,VAL190,VAL,THR,PHE,227,175,172,PHE172,resid 172
194,194,A,-0.066666667,ALA,ALA194,ALA,ILE,GLY,231,179,176,GLY176,resid 176
201,201,T,-0.066666667,THR,THR201,THR,VAL,PHE,238,186,183,PHE183,resid 183
202,202,A,-0.066666667,ALA,ALA202,ALA,ILE,GLY,239,187,184,GLY184,resid 184
246,246,N,-0.066666667,ASN,ASN246,ASN,VAL,NA,283,231,NA,NANA,resid NA
248,248,R,-0.066666667,ARG,ARG248,ARG,TYR,NA,285,233,NA,NANA,resid NA
16,16,K,-0.1,LYS,LYS16,LYS,NA,VAL,53,NA,12,VAL12,resid 12
54,54,T,-0.1,THR,THR54,THR,CYS,VAL,91,52,50,VAL50,resid 50
91,91,V,-0.1,VAL,VAL91,VAL,ASP,ASN,128,78,75,ASN75,resid 75
124,124,H,-0.1,HIS,HIS124,HIS,MET,VAL,161,111,108,VAL108,resid 108
164,164,I,-0.1,ILE,ILE164,ILE,ALA,PHE,201,149,146,PHE146,resid 146
180,180,V,-0.1,VAL,VAL180,VAL,GLN,ALA,217,165,162,ALA162,resid 162
130,130,V,-0.133333333,VAL,VAL130,VAL,GLY,LEU,167,117,114,LEU114,resid 114
162,162,A,-0.133333333,ALA,ALA162,ALA,MET,PHE,199,147,144,PHE144,resid 144
172,172,L,-0.133333333,LEU,LEU172,LEU,ASN,PHE,209,157,154,PHE154,resid 154
193,193,G,-0.133333333,GLY,GLY193,GLY,LEU,ALA,230,178,175,ALA175,resid 175
236,236,G,-0.133333333,GLY,GLY236,GLY,TYR,PHE,274,221,218,PHE218,resid 218
251,251,D,-0.133333333,ASP,ASP251,ASP,LEU,NA,288,236,NA,NANA,resid NA
15,15,S,-0.166666667,SER,SER15,SER,GLN,LEU,52,16,11,LEU11,resid 11
70,70,V,-0.2,VAL,VAL70,VAL,ASP,LYS,107,68,66,LYS66,resid 66
88,88,Y,-0.2,TYR,TYR88,TYR,THR,ASP,125,75,73,ASP73,resid 73
175,175,G,-0.233333333,GLY,GLY175,GLY,PHE,ALA,212,160,157,ALA157,resid 157
37,37,W,-0.266666667,TRP,TRP37,TRP,GLN,PHE,74,35,33,PHE33,resid 33
38,38,K,-0.266666667,LYS,LYS38,LYS,PHE,THR,75,36,34,THR34,resid 34
215,215,K,-0.266666667,LYS,LYS215,LYS,ILE,TYR,252,200,197,TYR197,resid 197
92,92,Y,-0.3,TYR,TYR92,TYR,GLU,LEU,129,79,76,LEU76,resid 76
